Coletta Message;792 Almo Trail;65;cmessage0@google.it
Bartolomeo Esbrook;80 Fremont Point;24;besbrook1@tuttocitta.it
Brantley Caen;4187 Vernon Terrace;96;bcaen2@howstuffworks.com
Gennie Keward;7857 Aberg Drive;86;gkeward3@usatoday.com
Twila Kirkland;61100 Del Sol Hill;46;tkirkland4@state.tx.us
Aksel Acors;73 Northridge Road;60;aacors5@rakuten.co.jp
Toddy Schanke;8 Bunker Hill Plaza;88;tschanke6@virginia.edu
Jacquenetta Jerisch;375 Erie Drive;7;jjerisch7@meetup.com
Aggie Cullingford;1907 Bayside Drive;31;acullingford8@paginegialle.it
Brear Wildash;2697 Fisk Avenue;86;bwildash9@state.gov
Lamont Von Der Empten;3 Autumn Leaf Street;17;lvona@bloglines.com
Leanora Haffenden;4928 Lerdahl Alley;57;lhaffendenb@hexun.com
Conroy Pennaman;08154 Tennessee Lane;91;cpennamanc@oakley.com
Bettina Burkwood;9555 Myrtle Trail;44;bburkwoodd@timesonline.co.uk
Frasco Castelain;53 Trailsway Pass;32;fcastelaine@jiathis.com
Yolande Sterricker;874 Sugar Parkway;77;ysterrickerf@upenn.edu
Casandra Eitter;7952 Golf Park;91;ceitterg@studiopress.com
Idalina Raccio;2041 Dryden Court;48;iraccioh@weather.com
Eloise Badcock;12 Welch Plaza;9;ebadcocki@oaic.gov.au
Arvin Clapham;519 Buell Place;63;aclaphamj@arstechnica.com
Theresina Almey;50 Onsgard Place;85;talmeyk@chicagotribune.com
Merci Meredyth;24583 Dorton Point;55;mmeredythl@ezinearticles.com
Tamarra Yushin;8498 Corben Street;33;tyushinm@yahoo.com
Kalli Brack;67340 Farragut Plaza;3;kbrackn@angelfire.com
Bernelle Cowen;39154 Eggendart Avenue;33;bcoweno@over-blog.com
Brandtr Miller;08631 Valley Edge Circle;31;bmillerp@bloglines.com
Salmon Zarb;918 Cascade Plaza;94;szarbq@timesonline.co.uk
Caresse Sambals;9290 Buhler Lane;4;csambalsr@uol.com.br
Misti Tallyn;4 Dwight Junction;61;mtallyns@scientificamerican.com
Annadiane Gascone;9 Del Mar Park;2;agasconet@360.cn
Robin Scamp;66 Cascade Circle;51;rscampu@webeden.co.uk
Erinna Jaycocks;15 Grasskamp Alley;78;ejaycocksv@homestead.com
Windham Bischop;804 Del Sol Crossing;68;wbischopw@g.co
Rock Birks;61 Merry Junction;31;rbirksx@google.cn
Hynda Petschelt;102 Becker Terrace;100;hpetschelty@upenn.edu
Gualterio Paulich;221 Old Shore Hill;60;gpaulichz@xing.com
Danit Jimson;23313 Laurel Park;19;djimson10@mashable.com
Melisandra Haug;1056 American Ash Place;76;mhaug11@jugem.jp
Mina Herreros;97 Harbort Street;94;mherreros12@gmpg.org
Cassie Fretson;67 Becker Point;82;cfretson13@who.int
Jaymee Balcombe;41202 Pleasure Pass;3;jbalcombe14@facebook.com
Brenna Blayd;1035 Helena Point;45;bblayd15@mit.edu
Rosamond Dahl;6199 Fairfield Circle;8;rdahl16@salon.com
Ambur Harcourt;2 Cody Parkway;77;aharcourt17@w3.org
Beaufort Putt;46 Gina Place;7;bputt18@soup.io
Jefferson Cummings;414 Blackbird Pass;70;jcummings19@marketwatch.com
Terrell Lauderdale;4231 Merry Plaza;29;tlauderdale1a@addtoany.com
Addie Bracegirdle;005 Hazelcrest Terrace;19;abracegirdle1b@taobao.com
Georgie Colliss;4 School Place;66;gcolliss1c@admin.ch
Grazia Drysdell;0 Clyde Gallagher Crossing;2;gdrysdell1d@wordpress.org
Dorris Lenaghen;559 Duke Crossing;60;dlenaghen1e@reuters.com
Stephanus Skokoe;196 Service Road;6;sskokoe1f@whitehouse.gov
Bald McCarver;8 Waywood Plaza;68;bmccarver1g@tamu.edu
Edlin Riccioppo;82684 Claremont Drive;59;ericcioppo1h@google.ru
Danita Scholefield;73 Farragut Hill;67;dscholefield1i@flavors.me
Abran Flode;05105 Duke Trail;36;aflode1j@pagesperso-orange.fr
Dave Plumbridge;4 Susan Road;22;dplumbridge1k@stanford.edu
Phelia Tirrey;85 Jackson Hill;42;ptirrey1l@earthlink.net
Riobard Rowley;3 Lighthouse Bay Road;74;rrowley1m@linkedin.com
Rosana Olivari;2591 Hooker Drive;52;rolivari1n@ehow.com
Lew Bus;2543 Cordelia Court;53;lbus1o@utexas.edu
Kirsten Pentony;66504 Melrose Parkway;77;kpentony1p@issuu.com
Ilene Turfitt;552 Loftsgordon Drive;81;iturfitt1q@ustream.tv
Dorisa Inwood;43 Melrose Street;77;dinwood1r@t.co
Sybilla Koeppe;4 Petterle Junction;14;skoeppe1s@pinterest.com
Isadora Legan;225 Mcguire Drive;55;ilegan1t@wikia.com
Cinderella Gapper;533 Graedel Crossing;46;cgapper1u@utexas.edu
Timmy Mycock;11 Katie Plaza;75;tmycock1v@fotki.com
Kermie Jarman;9573 Rockefeller Avenue;20;kjarman1w@domainmarket.com
Shannen Dorricott;5 Village Parkway;87;sdorricott1x@xrea.com
Onfroi Elph;16809 Ronald Regan Road;5;oelph1y@chicagotribune.com
Vasilis Mattedi;44 Pennsylvania Avenue;70;vmattedi1z@miitbeian.gov.cn
Janine Schoular;6669 Pepper Wood Park;39;jschoular20@is.gd
Chere Basnall;50481 Fremont Lane;51;cbasnall21@epa.gov
Bron Heppenspall;4939 Clemons Lane;23;bheppenspall22@bbb.org
Marget Krzyzanowski;4825 Mcbride Hill;41;mkrzyzanowski23@constantcontact.com
Kit MacVaugh;80 Petterle Alley;87;kmacvaugh24@gov.uk
Hobard Wilcocke;02864 Hollow Ridge Alley;93;hwilcocke25@shinystat.com
Laetitia Slora;5 Stone Corner Park;90;lslora26@microsoft.com
Lou Bleasby;43 Carberry Street;9;lbleasby27@360.cn
Radcliffe Mallinar;654 Dapin Point;91;rmallinar28@netlog.com
Darleen Blofeld;81 Buena Vista Hill;19;dblofeld29@prweb.com
Frederick Renoden;46401 Esch Street;93;frenoden2a@youtu.be
Anatollo Filippello;62875 Leroy Place;23;afilippello2b@sitemeter.com
Yvette Budget;7335 Clemons Avenue;76;ybudget2c@google.co.uk
Gare Duesbury;7238 Mayfield Park;38;gduesbury2d@bizjournals.com
Valentine Crowson;3646 Lakewood Avenue;51;vcrowson2e@hp.com
Obadiah Adaway;85 Declaration Court;18;oadaway2f@comcast.net
Ginnifer Goodboddy;7 Homewood Junction;54;ggoodboddy2g@ovh.net
Judi Pashan;7 Grasskamp Avenue;90;jpashan2h@reuters.com
Fielding Coakley;92748 Dunning Center;51;fcoakley2i@naver.com
Regan Coward;47955 Sauthoff Court;86;rcoward2j@yandex.ru
Nicolais Giacomini;593 Fairfield Lane;89;ngiacomini2k@sfgate.com
Farrah McIlwreath;290 Surrey Road;41;fmcilwreath2l@chron.com
Noe Kershaw;2 Sachtjen Alley;69;nkershaw2m@europa.eu
Pryce Stronghill;20787 Dawn Crossing;32;pstronghill2n@google.nl
Sansone Curragh;8150 Dennis Pass;27;scurragh2o@ebay.co.uk
Farrel Dakin;2 Charing Cross Alley;32;fdakin2p@hatena.ne.jp
Drugi Zute;6 Westridge Pass;54;dzute2q@mashable.com
Irene Harrinson;08919 American Plaza;83;iharrinson2r@wisc.edu
Ulrike Abbis;13346 Steensland Street;28;uabbis2s@de.vu
Doris Janoschek;4 Walton Parkway;90;djanoschek2t@weibo.com
Jase Emilien;278 Bobwhite Plaza;14;jemilien2u@google.com
Justina Tredwell;4293 Burning Wood Circle;17;jtredwell2v@businessweek.com
Hakeem Tommen;143 Redwing Park;42;htommen2w@phoca.cz
Cherye Hedingham;9 Grayhawk Terrace;11;chedingham2x@microsoft.com
Gerry Hurry;87549 Cascade Drive;66;ghurry2y@fema.gov
Theo Piggot;420 Grover Terrace;74;tpiggot2z@soup.io
Netti Gowans;1 Corry Lane;56;ngowans30@census.gov
Ralph Futty;199 Sutherland Plaza;93;rfutty31@google.ru
Letitia Overlow;2902 Granby Circle;41;loverlow32@t-online.de
Harbert Ellery;54 Merrick Park;16;hellery33@eepurl.com
Tabbitha Marzellano;180 Corben Alley;61;tmarzellano34@ibm.com
Dani Olekhov;04854 Quincy Junction;62;dolekhov35@tiny.cc
Heidie Lagne;2967 Kedzie Circle;95;hlagne36@yelp.com
Jared Moores;84999 Mallory Circle;47;jmoores37@rediff.com
Clarinda O'Crevan;7787 Hagan Crossing;46;cocrevan38@java.com
Solomon Sabin;6 Anniversary Trail;13;ssabin39@bing.com
Bar Treagus;63 Grayhawk Park;57;btreagus3a@bloglovin.com
Erick Inglis;1 Norway Maple Parkway;62;einglis3b@china.com.cn
Brenden Pau;24065 Longview Terrace;82;bpau3c@imdb.com
Chrotoem Ferreras;466 Myrtle Way;43;cferreras3d@youtu.be
Adriano Chape;8 Transport Place;60;achape3e@omniture.com
Codie Perocci;5 Norway Maple Lane;37;cperocci3f@ihg.com
Olly Hansmann;02497 Lakewood Point;42;ohansmann3g@bbc.co.uk
Linzy Dreigher;21 Elka Trail;6;ldreigher3h@blogger.com
Kimmi Iredell;712 Manley Pass;28;kiredell3i@discuz.net
Ursa Costy;604 Susan Court;34;ucosty3j@typepad.com
Beryle Whymark;62796 Rusk Avenue;96;bwhymark3k@trellian.com
Krystyna Merit;834 Dapin Drive;62;kmerit3l@army.mil
Sofia Dashkov;079 Kinsman Junction;46;sdashkov3m@t-online.de
Kass Grabban;31 Florence Street;37;kgrabban3n@dion.ne.jp
Dode Stedall;8734 Amoth Court;86;dstedall3o@smh.com.au
Aaren Nafzger;374 Stone Corner Drive;95;anafzger3p@domainmarket.com
Francklyn Philp;57 Waxwing Court;84;fphilp3q@ft.com
Dani Sagg;4 Mallard Point;44;dsagg3r@tiny.cc
Keary Cafe;820 Dawn Terrace;37;kcafe3s@typepad.com
Lanie Readwing;9353 Burning Wood Place;65;lreadwing3t@house.gov
Reese Montgomery;39124 Grim Center;90;rmontgomery3u@mashable.com
Lacee Prichet;72 Helena Court;95;lprichet3v@nymag.com
Dyann Bambery;94 Dahle Avenue;46;dbambery3w@canalblog.com
Ulberto McLernon;5930 Scoville Plaza;20;umclernon3x@columbia.edu
Belita Collop;604 Scoville Park;92;bcollop3y@noaa.gov
Sean Jankin;48 Victoria Center;70;sjankin3z@lulu.com
Angy Ivery;7196 Lake View Alley;75;aivery40@networksolutions.com
Marga Gordon-Giles;3 Katie Lane;3;mgordongiles41@state.gov
Yetta Bartels;96422 Beilfuss Alley;27;ybartels42@eepurl.com
Jodi Chaudret;003 Arkansas Plaza;99;jchaudret43@so-net.ne.jp
Gerardo Roycroft;5770 Forest Dale Park;33;groycroft44@cocolog-nifty.com
Latrina Skentelbury;487 Debs Pass;11;lskentelbury45@youtube.com
Neils Schirak;252 Anzinger Alley;26;nschirak46@diigo.com
Karel Farrier;0 Green Terrace;96;kfarrier47@hubpages.com
Owen Kedwell;4 Tomscot Crossing;94;okedwell48@fema.gov
Lucila Mc Menamin;5992 Mockingbird Court;51;lmc49@admin.ch
Jaynell Denziloe;25926 Dakota Avenue;96;jdenziloe4a@sciencedirect.com
Adham Peckham;7603 Briar Crest Point;61;apeckham4b@businessinsider.com
Malva Nazer;60 Lakeland Road;28;mnazer4c@cbslocal.com
Reggy Dyball;2478 Forest Run Circle;84;rdyball4d@cmu.edu
Sigvard Bodicam;1 Jay Junction;80;sbodicam4e@xing.com
Flinn Kingdom;5 Maple Wood Plaza;19;fkingdom4f@china.com.cn
Helene Attril;04 Schurz Point;64;hattril4g@ucoz.ru
Kali Cato;17 Rusk Drive;45;kcato4h@slideshare.net
Grange Lomis;53 Brentwood Avenue;14;glomis4i@google.co.uk
Paulina Dearnaley;85 Hoffman Parkway;35;pdearnaley4j@123-reg.co.uk
Ezekiel Juniper;4543 Porter Circle;63;ejuniper4k@cnbc.com
Ermengarde Di Nisco;9891 Annamark Junction;92;edi4l@altervista.org
Ronny Saiger;8107 Becker Point;7;rsaiger4m@wunderground.com
Britt Eick;28577 Dunning Hill;31;beick4n@examiner.com
Naomi Shakespeare;6629 Springview Circle;8;nshakespeare4o@twitpic.com
Reyna Gregol;0 Hagan Place;64;rgregol4p@lulu.com
Rowena Doidge;3 Mitchell Drive;19;rdoidge4q@chronoengine.com
Rich Lever;4543 Spaight Plaza;44;rlever4r@blogs.com
Lind Adhams;43467 Carberry Lane;92;ladhams4s@guardian.co.uk
Alphard Plumridge;8746 Prentice Terrace;62;aplumridge4t@cmu.edu
Suellen Northedge;99258 Montana Pass;13;snorthedge4u@twitpic.com
Elly Rodliff;4825 Westend Center;63;erodliff4v@weather.com
Charlean Pottes;940 Annamark Circle;13;cpottes4w@vk.com
Elinore Sloy;47 Farwell Place;6;esloy4x@irs.gov
Clemmy Sworn;3352 Bashford Trail;11;csworn4y@cafepress.com
Michal Fowlston;977 Arapahoe Terrace;64;mfowlston4z@wordpress.com
Cull Arend;368 Scofield Center;100;carend50@cbslocal.com
Shepperd Hanscome;48 Dawn Court;99;shanscome51@reddit.com
Crawford Guye;396 Mcbride Court;76;cguye52@ifeng.com
Tally D'Avaux;4672 East Road;27;tdavaux53@liveinternet.ru
Erskine Hullah;07 Starling Way;38;ehullah54@tinyurl.com
Eldridge Deave;2492 Pearson Point;74;edeave55@nih.gov
Lilla Sapshed;29 Roxbury Court;20;lsapshed56@berkeley.edu
Dav Guthrum;2918 Karstens Crossing;61;dguthrum57@xrea.com
Francois Maddin;8840 Mcguire Street;32;fmaddin58@shutterfly.com
Dayle Peller;415 Logan Avenue;67;dpeller59@bing.com
Elberta McCrudden;50135 Nevada Way;77;emccrudden5a@php.net
Maye Rosnau;07239 Anthes Point;94;mrosnau5b@bravesites.com
Faun Rowth;51640 Quincy Hill;80;frowth5c@eepurl.com
Nial Venard;6628 Katie Alley;30;nvenard5d@blogspot.com
Gaven Broad;8985 Mayer Way;73;gbroad5e@nbcnews.com
Briggs Kurtis;28739 American Ash Park;66;bkurtis5f@infoseek.co.jp
Andriana Philippet;9 Utah Point;17;aphilippet5g@dropbox.com
Mickey Hedau;819 Cardinal Alley;45;mhedau5h@phpbb.com
Del Cullingworth;7 Maple Wood Court;6;dcullingworth5i@msn.com
Domenic Grenville;663 Thompson Lane;36;dgrenville5j@free.fr
Theresina Yashaev;92 Blaine Circle;49;tyashaev5k@mlb.com
Henrietta Goulborn;180 Hoffman Trail;91;hgoulborn5l@arizona.edu
Ami Herrema;3318 Forest Run Point;40;aherrema5m@earthlink.net
Becki Arlow;95 Garrison Junction;46;barlow5n@wikipedia.org
Ignacius Teliga;3 Carpenter Junction;12;iteliga5o@slate.com
Ricardo Adam;6 Katie Road;81;radam5p@jigsy.com
Percy Crosscombe;2059 Haas Road;85;pcrosscombe5q@webnode.com
Bili Karpenya;1515 Hoard Trail;34;bkarpenya5r@paginegialle.it
Violette Nuccii;393 Mosinee Pass;22;vnuccii5s@msn.com
Gunner Terbrugge;490 Brentwood Court;41;gterbrugge5t@canalblog.com
Giorgio Armstead;4516 Burning Wood Alley;74;garmstead5u@joomla.org
Arlen Dale;788 Miller Road;5;adale5v@123-reg.co.uk
Tan Pottage;5877 Valley Edge Circle;98;tpottage5w@unesco.org
Cynthea Walklate;957 Prairie Rose Way;14;cwalklate5x@census.gov
Margit Bowering;12 Eagle Crest Hill;35;mbowering5y@jalbum.net
Ty Mackness;08010 Grasskamp Park;6;tmackness5z@facebook.com
Clemmie Normanville;9 Sloan Circle;31;cnormanville60@skyrock.com
Remus Blaber;9 Sheridan Avenue;76;rblaber61@de.vu
Rosita Abrahamian;54925 Gateway Avenue;76;rabrahamian62@reverbnation.com
Chantalle Moscon;80 Dottie Center;11;cmoscon63@vistaprint.com
Virgil Spitaro;53 Holmberg Junction;29;vspitaro64@epa.gov
Nevil Maddinon;61289 Northridge Street;39;nmaddinon65@yandex.ru
Britni Toulch;12 Goodland Drive;22;btoulch66@dot.gov
Artemus Towner;2260 Stone Corner Alley;30;atowner67@gmpg.org
Ban Dennehy;5926 Eagan Point;94;bdennehy68@edublogs.org
Raye Aldins;15804 Sommers Place;70;raldins69@altervista.org
Daryn Dracey;487 Dovetail Trail;3;ddracey6a@sciencedaily.com
Care Oldam;543 Welch Alley;60;coldam6b@dropbox.com
Elijah McKew;3189 Duke Avenue;86;emckew6c@slideshare.net
Nealon Bawme;879 Nevada Park;75;nbawme6d@irs.gov
Nerte Dougherty;8501 Sachs Drive;99;ndougherty6e@g.co
Farrell Chaffin;14614 Clyde Gallagher Center;6;fchaffin6f@boston.com
Fina Scriviner;79255 Melby Court;36;fscriviner6g@theatlantic.com
Grier Stannus;8 Meadow Vale Street;74;gstannus6h@blinklist.com
Amelina Farnie;093 Logan Drive;3;afarnie6i@mozilla.org
Melamie Hovee;5593 Waxwing Place;45;mhovee6j@cloudflare.com
Amandie Dorsey;14488 Hooker Crossing;10;adorsey6k@webs.com
Minni Blondin;0 North Lane;21;mblondin6l@drupal.org
Catlaina Longfut;54 Golf Point;76;clongfut6m@lycos.com
Clyde Tomaszynski;501 Lukken Avenue;89;ctomaszynski6n@answers.com
Nelia Bottrell;67202 Norway Maple Parkway;44;nbottrell6o@newyorker.com
Cathe Fearnley;40 Division Center;46;cfearnley6p@aol.com
Katlin Beel;668 Declaration Point;84;kbeel6q@house.gov
Tildi Temporal;80674 Dottie Drive;27;ttemporal6r@studiopress.com
Winfred Kilvington;184 Buena Vista Point;98;wkilvington6s@flickr.com
Lonnie Ilyunin;1 Morning Parkway;55;lilyunin6t@alexa.com
Karyn Crack;3287 Ramsey Lane;77;kcrack6u@altervista.org
Grazia Massel;47 Spohn Plaza;15;gmassel6v@gravatar.com
Aleta Lashmar;29660 Clemons Avenue;63;alashmar6w@merriam-webster.com
Gilda Earsman;1504 Golf Course Court;67;gearsman6x@skyrock.com
Paulita Grafom;93301 Village Green Pass;95;pgrafom6y@multiply.com
Luigi Eggleston;9 Cambridge Pass;60;leggleston6z@webnode.com
Elsworth Gerdes;18862 Rieder Park;82;egerdes70@who.int
Elisabeth Camelin;531 Alpine Plaza;41;ecamelin71@dell.com
Yule Buck;6 Kinsman Drive;7;ybuck72@buzzfeed.com
Mile Gent;723 Monica Parkway;45;mgent73@cpanel.net
Booth Craigg;042 Spaight Street;21;bcraigg74@posterous.com
Korey Laws;3 Vahlen Plaza;79;klaws75@booking.com
Juline Baitman;609 Nova Circle;19;jbaitman76@weather.com
Gabey Filipchikov;122 Dottie Court;26;gfilipchikov77@ifeng.com
Tonnie Daniel;4 Lake View Hill;22;tdaniel78@forbes.com
Georgeanna Milson;27 Linden Crossing;75;gmilson79@addtoany.com
Fidela Negri;107 Brentwood Crossing;28;fnegri7a@timesonline.co.uk
Kandace David;7 Farragut Hill;87;kdavid7b@xing.com
Emmalee Roache;08186 Ridgeview Center;27;eroache7c@sakura.ne.jp
Fannie Iacovucci;40946 Kim Place;87;fiacovucci7d@homestead.com
Emery McInnery;9057 Buena Vista Center;88;emcinnery7e@washington.edu
Norrie Hallin;35 Farwell Point;8;nhallin7f@homestead.com
Ida Seedull;9 Melvin Way;30;iseedull7g@a8.net
Darcy McCully;58 International Street;13;dmccully7h@chronoengine.com
Abigail Walkowski;1345 Drewry Avenue;59;awalkowski7i@vimeo.com
Rayner Toope;2912 Ryan Alley;23;rtoope7j@netscape.com
Stanfield Ivakhin;185 Sherman Lane;61;sivakhin7k@mac.com
Clem Tarpey;2 Riverside Junction;48;ctarpey7l@about.com
Sybil Siggers;10 Lukken Pass;38;ssiggers7m@engadget.com
Genny Lampard;01 Vera Trail;6;glampard7n@twitter.com
Beatrix Barrell;94170 Bartillon Point;85;bbarrell7o@un.org
Efren Redington;2416 Fremont Place;73;eredington7p@issuu.com
Patsy Lemmertz;0164 Gerald Lane;4;plemmertz7q@deliciousdays.com
Berty Parmenter;92 Washington Alley;23;bparmenter7r@163.com
Emelen Akester;9650 4th Terrace;67;eakester7s@nytimes.com
Emelina Matityahu;7754 Birchwood Drive;44;ematityahu7t@sitemeter.com
Linnie Blindermann;0569 1st Park;7;lblindermann7u@go.com
Chandra Couser;34321 Messerschmidt Avenue;63;ccouser7v@freewebs.com
Pincus Grene;1740 Oxford Center;49;pgrene7w@rakuten.co.jp
Basile Tearney;75029 Becker Center;100;btearney7x@cafepress.com
Jareb Halliwell;66572 Karstens Road;87;jhalliwell7y@live.com
Gladi Ree;326 Morning Park;95;gree7z@unc.edu
Dehlia Talby;529 Columbus Alley;67;dtalby80@csmonitor.com
Mariellen Isham;005 Stoughton Way;86;misham81@bbb.org
Wain Polding;7 Scofield Way;98;wpolding82@netlog.com
Kimmy Hews;8753 Oak Valley Place;33;khews83@cnn.com
Bryna Doulden;63596 Fallview Circle;83;bdoulden84@vk.com
Andria O'Carroll;52 Fuller Circle;19;aocarroll85@friendfeed.com
Griffy Rudd;4380 Colorado Terrace;36;grudd86@cafepress.com
Annadiana Mickleburgh;4 Emmet Parkway;47;amickleburgh87@sitemeter.com
Fred Moir;5356 Mariners Cove Place;74;fmoir88@nps.gov
Torie Moxley;22 Eagle Crest Court;14;tmoxley89@nhs.uk
Brantley Cappineer;0054 Loomis Avenue;86;bcappineer8a@amazon.co.uk
Mackenzie Fairbard;1460 Southridge Terrace;38;mfairbard8b@disqus.com
Gene Van der Hoeven;8 Pine View Crossing;35;gvan8c@apple.com
Ceil Sutch;4 Montana Alley;65;csutch8d@unesco.org
Derrek Pickerell;136 Mockingbird Street;94;dpickerell8e@printfriendly.com
Beret Loudian;09 7th Way;59;bloudian8f@topsy.com
Darnall Attride;77145 Emmet Road;76;dattride8g@ucoz.com
Rosamond Malzard;9084 2nd Trail;98;rmalzard8h@apple.com
Carolynn Bateup;8315 Dunning Trail;29;cbateup8i@state.gov
Vaughan Castellanos;375 Carey Junction;21;vcastellanos8j@ibm.com
Denver Eakly;61261 Golden Leaf Lane;86;deakly8k@g.co
Eugine Crittal;1893 Bunker Hill Point;47;ecrittal8l@nasa.gov
Koo Slater;9703 Lukken Crossing;14;kslater8m@bravesites.com
Hart Tydeman;6 Dottie Way;10;htydeman8n@blinklist.com
Malinde Thurlbourne;22309 Fallview Place;78;mthurlbourne8o@google.nl
Norrie Bend;1 Dwight Drive;35;nbend8p@cnn.com
Amelina Emery;411 Spenser Lane;37;aemery8q@fastcompany.com
Julietta Nevett;39 Forest Dale Junction;89;jnevett8r@usgs.gov
Amelie Pentlow;662 Dixon Trail;98;apentlow8s@people.com.cn
Fletch Lunt;8 Saint Paul Hill;93;flunt8t@marriott.com
Stoddard Relph;24 Linden Center;7;srelph8u@barnesandnoble.com
Rozele Rowth;810 Rockefeller Avenue;27;rrowth8v@pagesperso-orange.fr
Jayme Petrus;46 Pierstorff Trail;43;jpetrus8w@bloomberg.com
Dyann Klosterman;5163 Corben Hill;37;dklosterman8x@mit.edu
Michelina Hearse;6023 6th Terrace;40;mhearse8y@weibo.com
Eleanore Towlson;64 Valley Edge Street;89;etowlson8z@artisteer.com
Tamera Chene;15261 Spohn Lane;77;tchene90@intel.com
Georas Calcraft;9 Rutledge Way;63;gcalcraft91@msu.edu
Anissa Gillbey;3 Warner Crossing;12;agillbey92@twitter.com
Ellary Bastock;6036 Moland Lane;19;ebastock93@auda.org.au
Greer Jahnel;099 Vahlen Court;20;gjahnel94@4shared.com
Kenton Chevolleau;83288 Sunbrook Alley;15;kchevolleau95@netscape.com
Hebert Selwin;9903 Prairieview Drive;22;hselwin96@squarespace.com
Pail Yannoni;6647 Huxley Terrace;27;pyannoni97@psu.edu
Jourdain Hanselman;54236 Morningstar Circle;95;jhanselman98@soup.io
Angelika Snaddin;07 Hoepker Hill;60;asnaddin99@nbcnews.com
Wilma Moreinu;25 Village Green Street;15;wmoreinu9a@usda.gov
Lissie Diehn;09061 Upham Court;94;ldiehn9b@g.co
Rodolfo Burras;3784 Barby Point;33;rburras9c@howstuffworks.com
Hugues Borg-Bartolo;7 Pankratz Court;66;hborgbartolo9d@businesswire.com
Mathias Kilty;8 Logan Way;15;mkilty9e@icq.com
Georgetta Bocken;92 Ridge Oak Parkway;83;gbocken9f@people.com.cn
Kylie Corrington;20179 Sachs Drive;41;kcorrington9g@ovh.net
Anderson Bownde;66268 Clarendon Court;7;abownde9h@house.gov
Ingrim Casa;16 Burning Wood Center;47;icasa9i@delicious.com
Arel Camois;695 Dawn Point;70;acamois9j@sina.com.cn
Maggy Skyme;393 Hallows Drive;56;mskyme9k@imgur.com
Adelice Elloy;18219 Brentwood Way;11;aelloy9l@rediff.com
Dannye Muskett;26166 Memorial Way;71;dmuskett9m@quantcast.com
Dalston felip;2 Mccormick Street;25;dfelip9n@washington.edu
Onida Cassin;19 Glacier Hill Avenue;87;ocassin9o@miitbeian.gov.cn
Roma Fairn;51 Pine View Street;75;rfairn9p@usa.gov
Shane Aland;47 Tennessee Way;66;saland9q@typepad.com
Wallie Houdhury;7051 Harper Way;85;whoudhury9r@webnode.com
Tony Lerhinan;90597 Shoshone Point;66;tlerhinan9s@nsw.gov.au
Morley Jiggens;49 Pennsylvania Crossing;63;mjiggens9t@patch.com
Friedrich Crut;562 Hoffman Pass;31;fcrut9u@desdev.cn
Juan Hazeldene;0517 North Pass;37;jhazeldene9v@huffingtonpost.com
Vale Emslie;3 Sunbrook Hill;21;vemslie9w@about.me
Ber Lefeaver;1752 Hintze Drive;26;blefeaver9x@dyndns.org
Emelyne Astlet;57 Aberg Pass;80;eastlet9y@sina.com.cn
Patti Brackpool;89402 Russell Parkway;66;pbrackpool9z@godaddy.com
Virge Axby;46000 Boyd Plaza;14;vaxbya0@noaa.gov
Gonzalo Belding;425 Lillian Drive;4;gbeldinga1@microsoft.com
Alyce Elcott;2829 Bartelt Alley;73;aelcotta2@flavors.me
Fionnula Rowcastle;059 Prairie Rose Road;86;frowcastlea3@nsw.gov.au
Gertrude Junifer;898 Bultman Avenue;77;gjunifera4@prweb.com
Hartley Robertot;0 Forest Circle;71;hrobertota5@amazon.de
Carley Thurbon;45039 Melrose Crossing;67;cthurbona6@tripod.com
Margareta Tremollet;00823 Scott Place;53;mtremolleta7@dailymotion.com
Morse Vickars;1823 Northport Road;87;mvickarsa8@wordpress.com
Aldin Atwill;628 Knutson Court;7;aatwilla9@istockphoto.com
Kevyn Ebhardt;268 Trailsway Alley;55;kebhardtaa@hibu.com
Ebonee Fidelus;4867 Artisan Point;100;efidelusab@google.it
Frederique Rake;7149 Westerfield Junction;56;frakeac@usatoday.com
Genevra Tredwell;3 Tennessee Circle;97;gtredwellad@stumbleupon.com
Humfrid Gethin;43 Straubel Circle;29;hgethinae@slate.com
Carlyn Sutty;746 Northridge Road;92;csuttyaf@cbc.ca
Constancia Croy;6967 American Parkway;23;ccroyag@rambler.ru
Natale Matura;8 Chinook Circle;75;nmaturaah@google.com.au
Rani Edmonstone;01 Lighthouse Bay Point;99;redmonstoneai@prweb.com
Reilly Caret;3 Pawling Junction;51;rcaretaj@kickstarter.com
Lizette Anelay;448 Sycamore Alley;100;lanelayak@stumbleupon.com
Marcello Grzelak;8 Reinke Avenue;20;mgrzelakal@patch.com
Sharl Ealles;94607 Utah Court;26;seallesam@domainmarket.com
Ursula Atherley;8514 Bartillon Hill;93;uatherleyan@tinyurl.com
Lyndsay Dudenie;4373 Walton Lane;4;ldudenieao@hibu.com
Jessee Sandcroft;24906 Cordelia Alley;76;jsandcroftap@mayoclinic.com
Arden Munro;6 Crownhardt Avenue;40;amunroaq@apache.org
Gilberte Davidove;338 Algoma Crossing;1;gdavidovear@barnesandnoble.com
Chaunce Pitrelli;126 Hovde Park;26;cpitrellias@cnbc.com
Iggy Lippiett;43592 Lakewood Avenue;33;ilippiettat@artisteer.com
Lanie Bwy;9049 Anniversary Point;14;lbwyau@fema.gov
Annabel Burtwistle;589 Maple Pass;36;aburtwistleav@va.gov
Paulie Tague;253 Merrick Road;26;ptagueaw@bluehost.com
Morten Hrynczyk;2 Sachs Park;3;mhrynczykax@webnode.com
Jourdan Feldbau;80 Leroy Avenue;73;jfeldbauay@marketwatch.com
Salvidor Logsdail;99366 Bonner Junction;68;slogsdailaz@walmart.com
Janeta Lashmar;1 Kensington Hill;79;jlashmarb0@youku.com
Jennifer Stocken;8 Rieder Terrace;86;jstockenb1@sohu.com
Winona Garrand;5 Homewood Alley;94;wgarrandb2@moonfruit.com
Stanly Marages;6 Troy Road;50;smaragesb3@quantcast.com
Quintina Geipel;67270 Ohio Trail;79;qgeipelb4@senate.gov
Carlene Lambotin;2 Pond Terrace;12;clambotinb5@newyorker.com
Emogene Coveley;254 Vidon Point;20;ecoveleyb6@quantcast.com
Benjie Andriuzzi;756 Center Terrace;98;bandriuzzib7@yolasite.com
Dorella Feldberg;87407 Lakeland Avenue;49;dfeldbergb8@time.com
Loralyn Ghiroldi;13 Doe Crossing Way;1;lghiroldib9@odnoklassniki.ru
Evvie Roskeilly;60 Becker Crossing;14;eroskeillyba@e-recht24.de
Arielle McCowan;8 Meadow Ridge Junction;25;amccowanbb@independent.co.uk
Dirk Attwell;043 Logan Lane;27;dattwellbc@tripod.com
Arney Corssen;7547 Holy Cross Parkway;92;acorssenbd@amazon.co.jp
Tucky Gremain;22526 Dottie Court;76;tgremainbe@histats.com
Roch Struijs;529 Sommers Terrace;67;rstruijsbf@scribd.com
Claudine Hatje;5 Heath Alley;95;chatjebg@taobao.com
Abbie Dallin;8 Sommers Hill;88;adallinbh@ftc.gov
Jennilee Hebard;582 Maple Wood Road;71;jhebardbi@accuweather.com
Syman Burdell;60475 Caliangt Plaza;89;sburdellbj@sbwire.com
Colman Espadate;52302 Melody Terrace;10;cespadatebk@vkontakte.ru
Thorndike Krug;57 Loomis Parkway;70;tkrugbl@networkadvertising.org
Anatola Houlahan;6847 Vera Parkway;82;ahoulahanbm@cpanel.net
Joela Helstrip;91 Hollow Ridge Parkway;21;jhelstripbn@usgs.gov
Sandi Thornbarrow;92224 Commercial Hill;68;sthornbarrowbo@indiatimes.com
Jeni Eleshenar;56024 Fieldstone Crossing;62;jeleshenarbp@indiegogo.com
Doralynne Donaher;16 5th Place;62;ddonaherbq@bloglines.com
Hedi Mouser;7 Lawn Terrace;12;hmouserbr@dailymotion.com
Lenci Dooman;9498 Valley Edge Park;20;ldoomanbs@mozilla.org
Otis Billings;47 Mitchell Plaza;60;obillingsbt@domainmarket.com
Reba MacClancey;7130 Stephen Junction;62;rmacclanceybu@devhub.com
Ardisj Algore;6363 Merchant Avenue;94;aalgorebv@netvibes.com
Arney Antonescu;76 Randy Road;94;aantonescubw@fda.gov
Shayne Scudders;66406 Cambridge Crossing;77;sscuddersbx@state.gov
Coralyn Greatrex;97 Arizona Lane;85;cgreatrexby@mlb.com
Allister Files;3 Veith Plaza;86;afilesbz@friendfeed.com
Nadya Koppelmann;5 Columbus Drive;56;nkoppelmannc0@exblog.jp
Carolynn Goudman;8728 Hooker Alley;1;cgoudmanc1@ehow.com
Marsha Limming;65949 Elmside Avenue;33;mlimmingc2@statcounter.com
Cherri Fley;1 Sauthoff Park;89;cfleyc3@biblegateway.com
Latrina Liversidge;3940 Fair Oaks Street;44;lliversidgec4@last.fm
Harlin Matijasevic;981 Waubesa Terrace;1;hmatijasevicc5@exblog.jp
Cherilynn Karchowski;685 Continental Drive;59;ckarchowskic6@oracle.com
Far O'Shields;814 Maryland Place;73;foshieldsc7@desdev.cn
Merilyn Copas;76 Anhalt Parkway;57;mcopasc8@bravesites.com
Ramsey Woodcock;55105 Colorado Pass;20;rwoodcockc9@prweb.com
Fonsie Baggs;4090 Dapin Point;100;fbaggsca@salon.com
Chic Bladder;6 Darwin Drive;58;cbladdercb@ow.ly
Danice Heindl;7 Erie Place;24;dheindlcc@xrea.com
Cornelia Jellard;34 Utah Drive;93;cjellardcd@surveymonkey.com
Delphinia Havenhand;484 Gerald Street;91;dhavenhandce@amazon.com
Dorolice Mardall;05 Dovetail Place;44;dmardallcf@tinyurl.com
Filbert Tarrant;52499 Mandrake Avenue;77;ftarrantcg@washingtonpost.com
Melva Trillo;63 Chinook Plaza;45;mtrilloch@studiopress.com
Dario Brotherheed;0 Lerdahl Hill;64;dbrotherheedci@ibm.com
Eunice Besset;1 Karstens Circle;3;ebessetcj@berkeley.edu
Asa Mehmet;89 Village Hill;21;amehmetck@example.com
Beale Shawcross;51 Fallview Center;22;bshawcrosscl@dropbox.com
Mayer Spencook;45 Cody Way;91;mspencookcm@fotki.com
Nefen Billington;23 Old Gate Avenue;85;nbillingtoncn@github.com
Darci Lody;200 2nd Park;8;dlodyco@ihg.com
Elsy Pordal;02284 Morning Alley;96;epordalcp@prweb.com
Gretchen Brombell;64312 Novick Terrace;52;gbrombellcq@engadget.com
Marni Bart;73 Killdeer Place;93;mbartcr@sbwire.com
Ugo La Torre;94 Starling Drive;49;ulacs@dmoz.org
Cybill Plum;1 Brentwood Road;77;cplumct@geocities.jp
Daniele Winterbotham;506 Superior Plaza;85;dwinterbothamcu@state.tx.us
Dot Borles;358 Valley Edge Park;23;dborlescv@etsy.com
Aeriela Killelea;48 Truax Hill;12;akilleleacw@earthlink.net
Barnabas Bullar;71 Mosinee Trail;58;bbullarcx@about.me
Shena Apthorpe;6 Maple Wood Park;10;sapthorpecy@yahoo.com
Alford Mulhall;8 Declaration Terrace;79;amulhallcz@bluehost.com
Dacy Foster-Smith;4 Lyons Road;16;dfostersmithd0@whitehouse.gov
Natalina Grabham;67 Redwing Park;26;ngrabhamd1@facebook.com
Amy Armfield;012 Graceland Lane;26;aarmfieldd2@elpais.com
Shirlene Warters;2 Corben Terrace;33;swartersd3@shutterfly.com
Carleen Dalliston;39560 Hollow Ridge Crossing;82;cdallistond4@slate.com
Clerissa Thurling;68931 Gerald Street;14;cthurlingd5@mail.ru
Neala Warstall;8 Heffernan Avenue;99;nwarstalld6@apple.com
Wallace Eames;31 Warner Court;54;weamesd7@blogs.com
Haleigh Huriche;2165 Golden Leaf Point;28;hhuriched8@gizmodo.com
Beret Belding;74752 Kedzie Trail;98;bbeldingd9@wisc.edu
Nev Leale;9 Morningstar Plaza;59;nlealeda@posterous.com
Stella Lafoy;26 Badeau Road;23;slafoydb@weebly.com
Ardene Jayme;01725 Sherman Park;74;ajaymedc@adobe.com
Bennett Pedden;3427 Riverside Hill;6;bpeddendd@ox.ac.uk
Kandy Mucci;7071 Valley Edge Lane;84;kmuccide@gravatar.com
Annora Bridal;758 Bashford Alley;43;abridaldf@examiner.com
Emmye Di Gregorio;85267 Ludington Terrace;14;edidg@nps.gov
Broddie Paskerful;74679 Clemons Place;50;bpaskerfuldh@sfgate.com
Raye Bedell;79892 Algoma Lane;86;rbedelldi@free.fr
Julie Ortiga;73 Old Gate Trail;64;jortigadj@ycombinator.com
Josey Rushford;9 Vera Place;23;jrushforddk@deliciousdays.com
Verla Batteson;3 Leroy Pass;96;vbattesondl@samsung.com
Flss Lesser;8 Helena Center;19;flesserdm@artisteer.com
Rocky Townes;3 Hoffman Trail;17;rtownesdn@answers.com
Bartolemo Leinweber;12 Fuller Place;4;bleinweberdo@sciencedirect.com
Menard Beckinsall;3831 Eagle Crest Lane;36;mbeckinsalldp@cisco.com
Scotti Rawsthorne;230 New Castle Circle;15;srawsthornedq@prlog.org
Saleem Pothecary;614 Amoth Hill;76;spothecarydr@dagondesign.com
Wesley Hicklingbottom;92539 Main Trail;52;whicklingbottomds@canalblog.com
Sherill Haith;99521 Carpenter Trail;33;shaithdt@ft.com
Uriah Fruin;73 Clarendon Lane;6;ufruindu@virginia.edu
Cello Worsnip;81 Hoffman Court;94;cworsnipdv@unc.edu
Randal Bayman;7 Packers Way;6;rbaymandw@livejournal.com
Jerrilee Adao;4229 Hudson Avenue;80;jadaodx@pen.io
Wynny Brittian;00 Loomis Crossing;70;wbrittiandy@quantcast.com
Hinda Cossons;7903 Moose Hill;54;hcossonsdz@scientificamerican.com
Dickie Ysson;5523 Pankratz Park;8;dyssone0@shop-pro.jp
Celeste Grgic;98449 5th Center;48;cgrgice1@parallels.com
Adler Bourgeois;1 Burning Wood Road;57;abourgeoise2@statcounter.com
Therese Darwen;13 Roxbury Junction;40;tdarwene3@jimdo.com
Jaime Harnett;55095 Cottonwood Lane;32;jharnette4@hibu.com
Rahel Rosander;7518 Waubesa Plaza;5;rrosandere5@webs.com
Conni Jarad;9 Superior Crossing;16;cjarade6@yahoo.co.jp
Roxi Talboy;3 Ohio Trail;78;rtalboye7@sciencedirect.com
Adham Sabey;05779 Quincy Pass;31;asabeye8@cpanel.net
Davida Trighton;99 Cascade Way;59;dtrightone9@macromedia.com
Gretna Rentoul;4004 Mifflin Trail;49;grentoulea@nasa.gov
Caresse Merkle;3 Ronald Regan Pass;38;cmerkleeb@arstechnica.com
Bertrand Wield;239 Corry Court;94;bwieldec@creativecommons.org
Lenka Penbarthy;6 Commercial Lane;54;lpenbarthyed@infoseek.co.jp
Paxon O'Neil;532 Buhler Crossing;76;poneilee@state.gov
Daryl Bartul;60985 Eastlawn Alley;15;dbartulef@opera.com
Janeta Bubear;74123 Westend Terrace;32;jbubeareg@census.gov
Sharity Callis;31 Clyde Gallagher Crossing;35;scalliseh@tumblr.com
Julieta Pollastro;67 Brown Lane;46;jpollastroei@free.fr
Claire Cowx;1757 Schmedeman Avenue;2;ccowxej@deviantart.com
Eugenio Cholerton;8930 Amoth Trail;48;echolertonek@delicious.com
Jourdan Linnett;6 Myrtle Center;4;jlinnettel@bravesites.com
Lisha Tordiffe;1193 4th Road;66;ltordiffeem@nifty.com
Shell Francillo;62 Ilene Lane;97;sfrancilloen@fotki.com
Zorine Ingrem;7 Tennessee Drive;89;zingremeo@cisco.com
Meriel Tomney;9 Talisman Circle;47;mtomneyep@ameblo.jp
Regina Paramor;573 Welch Avenue;11;rparamoreq@smh.com.au
Aldric Witty;23 Gina Park;66;awittyer@quantcast.com
Courtney Matchell;454 Tomscot Street;6;cmatchelles@reverbnation.com
Norah Driussi;0263 Monument Plaza;78;ndriussiet@oracle.com
Stirling Bain;2 Burning Wood Road;28;sbaineu@phpbb.com
Aura Peasegood;8702 Schmedeman Circle;32;apeasegoodev@google.co.uk
Sigmund Kyttor;7699 Twin Pines Street;95;skyttorew@woothemes.com
Lanni Moultrie;1 Boyd Junction;9;lmoultrieex@skype.com
Cad De Pero;36 American Trail;50;cdeey@1und1.de
Ira Ianinotti;7 Porter Street;75;iianinottiez@constantcontact.com
Christi Cremen;5 Shoshone Crossing;49;ccremenf0@vk.com
Kliment Kingsford;3895 Paget Junction;41;kkingsfordf1@apple.com
Branden Hallgath;126 Schlimgen Avenue;65;bhallgathf2@altervista.org
Yorgos Lamberth;85611 Maryland Lane;87;ylamberthf3@issuu.com
Carole Danforth;1589 Spenser Point;6;cdanforthf4@naver.com
Dode Senechell;469 Burrows Lane;34;dsenechellf5@china.com.cn
Ema Fearey;74 Mallard Terrace;86;efeareyf6@twitpic.com
Delmor Huzzey;653 Lillian Way;58;dhuzzeyf7@indiegogo.com
Sybil Shopcott;2 Riverside Point;34;sshopcottf8@cocolog-nifty.com
Rochester Fairley;78483 Hagan Crossing;53;rfairleyf9@techcrunch.com
Foster Steeples;08280 Dexter Hill;65;fsteeplesfa@furl.net
Rosanne Crighten;56 Gina Crossing;36;rcrightenfb@ihg.com
Jonas Brunn;6537 Dixon Plaza;90;jbrunnfc@answers.com
Georgie Londing;3658 Porter Circle;76;glondingfd@fotki.com
Eloisa Dunckley;73 Straubel Place;100;edunckleyfe@wunderground.com
Carline d'Escoffier;0190 Columbus Road;94;cdescoffierff@technorati.com
Somerset Papa;08 Mcbride Avenue;3;spapafg@dell.com
Bax Temperley;13 Johnson Point;38;btemperleyfh@zdnet.com
Coretta Phillis;67 American Circle;45;cphillisfi@bloglines.com
Cloris Reville;2 6th Center;74;crevillefj@nbcnews.com
Salomone Di Napoli;64 Shasta Crossing;11;sdifk@yolasite.com
Krysta Lamming;132 Old Gate Drive;59;klammingfl@cam.ac.uk
Duke Franies;8806 Gulseth Road;19;dfraniesfm@woothemes.com
Anastasie Cridlin;1 Truax Trail;8;acridlinfn@meetup.com
Tanney Corkett;70371 Anzinger Road;11;tcorkettfo@netvibes.com
Cull Mapam;58333 Sutteridge Lane;91;cmapamfp@va.gov
Tessie Ouver;3 Nevada Drive;65;touverfq@constantcontact.com
Colby Wakeley;43000 Del Sol Park;79;cwakeleyfr@harvard.edu
Nicholas Lanham;497 Maple Point;54;nlanhamfs@psu.edu
Fred Steckings;9727 Sullivan Point;50;fsteckingsft@163.com
Vinny Sedgefield;07 Reindahl Point;77;vsedgefieldfu@mayoclinic.com
Susan Bartzen;3 Maywood Plaza;94;sbartzenfv@yahoo.com
Samantha Dearnley;81926 Prairie Rose Pass;70;sdearnleyfw@ox.ac.uk
Nerte Enrietto;29 Westridge Center;47;nenriettofx@sbwire.com
Sandye Adamoli;5 Mallory Crossing;15;sadamolify@flickr.com
Adelina Davidovici;43570 Magdeline Point;59;adavidovicifz@goo.ne.jp
Valeria Wawer;075 Anniversary Parkway;8;vwawerg0@so-net.ne.jp
Coralie Tregunnah;69 7th Hill;20;ctregunnahg1@mediafire.com
Poul O'Rafferty;88 Bonner Alley;21;poraffertyg2@addthis.com
Whitney Scrivenor;1122 Truax Place;14;wscrivenorg3@nsw.gov.au
Sayres Itzakson;30 Butternut Court;13;sitzaksong4@tamu.edu
Noelani Di Lucia;6 Mallory Avenue;9;ndig5@is.gd
Bibi Batham;289 Waubesa Court;9;bbathamg6@vinaora.com
Josi Cominetti;1 Twin Pines Junction;93;jcominettig7@gravatar.com
Celinda Zecchinelli;2076 American Ash Way;14;czecchinellig8@slideshare.net
Etta Spoward;09 Melrose Trail;49;espowardg9@godaddy.com
Ab Demann;435 Browning Terrace;92;ademannga@wikispaces.com
Packston Triswell;4437 2nd Plaza;66;ptriswellgb@archive.org
Ikey Chezelle;548 Emmet Street;41;ichezellegc@psu.edu
Tracie Wallentin;7 Hooker Road;96;twallentingd@meetup.com
Adelheid Furminger;1703 Debs Road;56;afurmingerge@chicagotribune.com
Selia Zylbermann;15351 Bonner Center;10;szylbermanngf@techcrunch.com
Ileana Roarty;44395 Hermina Parkway;13;iroartygg@quantcast.com
Mercedes Tackell;03 Sunbrook Plaza;63;mtackellgh@washington.edu
Rania Hurford;4 Nevada Parkway;75;rhurfordgi@hc360.com
Carmelle Barnson;9 Reindahl Plaza;95;cbarnsongj@miibeian.gov.cn
Giavani Elegood;56 Towne Trail;79;gelegoodgk@sina.com.cn
Rockie Mansour;77828 Green Lane;48;rmansourgl@irs.gov
Edd Riha;02 Manitowish Terrace;47;erihagm@huffingtonpost.com
Delila Seater;9 Scott Park;15;dseatergn@wunderground.com
Rustin Oleszczak;9 Lakeland Place;1;roleszczakgo@theguardian.com
Yance Hobble;674 Kensington Crossing;64;yhobblegp@google.com
Margareta Dodgson;1226 Scott Avenue;28;mdodgsongq@tmall.com
Chane Beddoes;94155 Kipling Hill;7;cbeddoesgr@shop-pro.jp
Linn Martinson;6 Bartillon Road;6;lmartinsongs@delicious.com
Carole Golsby;68831 Dovetail Street;18;cgolsbygt@ca.gov
Jakob Bielefeld;542 Hansons Point;99;jbielefeldgu@alibaba.com
Natalee Jopling;956 Hallows Point;40;njoplinggv@bandcamp.com
Christophorus Bollands;1469 Hovde Lane;14;cbollandsgw@addthis.com
Sinclare Giovannardi;9 Carberry Center;41;sgiovannardigx@walmart.com
Antonin Rushbrook;02196 Graedel Point;21;arushbrookgy@artisteer.com
Clarke Wastell;1 Troy Parkway;19;cwastellgz@flavors.me
Twila Ballingal;8462 Wayridge Point;31;tballingalh0@berkeley.edu
Carlyle Braidon;99901 Tennyson Park;67;cbraidonh1@cornell.edu
Tabbie Llewhellin;1 Katie Place;94;tllewhellinh2@163.com
Jackqueline Klausen;85 Laurel Drive;49;jklausenh3@techcrunch.com
Arleta Gersam;6 Evergreen Hill;13;agersamh4@loc.gov
Dita Collip;4 Jana Lane;62;dcolliph5@pagesperso-orange.fr
Georgeanna Dumbrall;9083 Eastlawn Parkway;59;gdumbrallh6@cdc.gov
Linnea Shannahan;4 Harper Lane;31;lshannahanh7@bloomberg.com
Kylynn Bantock;50402 Oakridge Pass;51;kbantockh8@odnoklassniki.ru
Blake Weld;27622 Debs Court;43;bweldh9@walmart.com
Emilie Nend;9 Johnson Park;98;enendha@hp.com
Gordy Ramage;38657 Manley Center;76;gramagehb@cmu.edu
Palmer Marishenko;69948 Derek Place;43;pmarishenkohc@joomla.org
Happy Denerley;1 Portage Center;36;hdenerleyhd@umich.edu
Oran Gumly;6 Manufacturers Terrace;69;ogumlyhe@sina.com.cn
Freddi Menendez;4481 Northport Hill;7;fmenendezhf@exblog.jp
Cacilie O'Keenan;44430 Hoard Terrace;39;cokeenanhg@constantcontact.com
Stephenie Romney;122 Esch Pass;54;sromneyhh@accuweather.com
Charmane Boden;07064 Mayer Avenue;84;cbodenhi@indiegogo.com
Brita Algar;0687 Brickson Park Way;16;balgarhj@deliciousdays.com
Debi Weekland;699 7th Plaza;95;dweeklandhk@tinypic.com
Rina Attryde;74 Stoughton Center;72;rattrydehl@army.mil
Yance Grogono;4667 Lillian Place;94;ygrogonohm@opera.com
Nataniel Rosenqvist;75373 Meadow Vale Alley;22;nrosenqvisthn@de.vu
Alex Jarmaine;003 Rockefeller Trail;8;ajarmaineho@cam.ac.uk
Hollis Algy;5718 Graceland Park;75;halgyhp@goo.gl
Lawrence Yepiskov;39 Lawn Court;88;lyepiskovhq@ifeng.com
Glory Manass;6 Comanche Center;37;gmanasshr@odnoklassniki.ru
Shaine Grigolon;075 Artisan Pass;57;sgrigolonhs@booking.com
Abbe Marages;09836 Alpine Terrace;7;amaragesht@hostgator.com
El Hold;397 Spohn Lane;24;eholdhu@telegraph.co.uk
Base Temby;17 Harper Parkway;70;btembyhv@homestead.com
Dorena Nutt;85 Morning Street;70;dnutthw@etsy.com
Meghan Francescoccio;3001 Linden Avenue;93;mfrancescocciohx@so-net.ne.jp
Quinn Mundee;9 Oak Crossing;70;qmundeehy@java.com
Sondra Mabb;70825 Forster Parkway;78;smabbhz@sourceforge.net
Marietta Alden;555 Drewry Point;7;maldeni0@addtoany.com
Seth Finding;31961 Macpherson Court;45;sfindingi1@wired.com
Lynna Brixey;3 Boyd Park;48;lbrixeyi2@arstechnica.com
Loralyn Braunston;1 Barnett Junction;37;lbraunstoni3@miitbeian.gov.cn
Frannie Silverlock;41898 Fieldstone Place;38;fsilverlocki4@sphinn.com
Minnaminnie O' Reagan;808 Laurel Center;13;moi5@cnet.com
Evin Beringer;99070 Crownhardt Road;7;eberingeri6@bloomberg.com
Sherrie Varne;8 Vera Pass;23;svarnei7@mit.edu
Gusti Ghidoni;4185 Prairieview Court;100;gghidonii8@ustream.tv
Crawford Momery;8 Buell Pass;65;cmomeryi9@blinklist.com
Dame Sammars;898 Elgar Place;96;dsammarsia@dell.com
Porty Moynihan;6 Columbus Plaza;67;pmoynihanib@weibo.com
Shelagh Kelsey;6068 Nelson Trail;70;skelseyic@zdnet.com
Worth Poge;31 Anderson Parkway;4;wpogeid@sciencedaily.com
Jesus Helliker;48423 Old Shore Terrace;65;jhellikerie@boston.com
Noby Lytton;1962 Warbler Road;54;nlyttonif@mlb.com
Jaynell Franchioni;24007 Ryan Circle;12;jfranchioniig@prweb.com
Eleen Gambles;685 Dapin Lane;9;egamblesih@infoseek.co.jp
Ginnie Gentry;82649 Warbler Center;94;ggentryii@mayoclinic.com
Ninette Stedall;737 Warrior Road;82;nstedallij@sina.com.cn
Bertrand Belch;74 Bartillon Trail;38;bbelchik@sun.com
Chanda Burnsides;15 Grover Road;75;cburnsidesil@twitpic.com
Aurel Lehon;108 Marquette Trail;40;alehonim@diigo.com
Colette Rhead;9808 Hanson Way;65;crheadin@live.com
Stefan Kurtis;93 Hanson Junction;100;skurtisio@gnu.org
Tiphani Westbrook;2 Thackeray Park;12;twestbrookip@state.gov
Filmore Grief;833 Monica Parkway;13;fgriefiq@barnesandnoble.com
Mady Broome;92158 Norway Maple Trail;33;mbroomeir@hatena.ne.jp
Rosemarie McKiernan;0 Haas Drive;74;rmckiernanis@hud.gov
Denna Mendel;11340 Jana Hill;73;dmendelit@angelfire.com
Norene Huglin;512 Blue Bill Park Park;95;nhugliniu@google.com.br
Sybyl Desvignes;14748 Forest Run Alley;58;sdesvignesiv@wikimedia.org
Silvano Dahlen;4 Northfield Park;74;sdahleniw@topsy.com
Kassi Brough;5 Summer Ridge Center;30;kbroughix@xinhuanet.com
Alberta Batisse;348 Calypso Road;3;abatisseiy@discuz.net
Pierette Lay;28686 Acker Pass;48;playiz@delicious.com
Caryl Presnell;58 Moulton Hill;41;cpresnellj0@telegraph.co.uk
Timmy Vernazza;243 Magdeline Alley;19;tvernazzaj1@youtube.com
Harman Petroff;96 Nobel Court;50;hpetroffj2@quantcast.com
Sholom Andrivel;487 Onsgard Terrace;78;sandrivelj3@google.ru
Noami Parbrook;6034 Gateway Center;82;nparbrookj4@nih.gov
Gibb Germon;18 Welch Avenue;19;ggermonj5@aboutads.info
Milena Andras;5093 Kenwood Park;15;mandrasj6@marketwatch.com
Glenn Yoslowitz;3 Kim Place;6;gyoslowitzj7@jimdo.com
Margaretta McCloch;94769 Merrick Lane;20;mmcclochj8@naver.com
Burke Bearcock;553 Village Green Center;64;bbearcockj9@google.ca
Blakelee Edlyne;1 Sunnyside Hill;18;bedlyneja@sina.com.cn
Cobby Letham;8597 Ridge Oak Trail;56;clethamjb@netvibes.com
Fabio Guise;34231 Cody Park;86;fguisejc@nationalgeographic.com
Arlyne Sowray;62 Johnson Alley;78;asowrayjd@salon.com
Tallie Pryer;39 Morningstar Park;16;tpryerje@noaa.gov
Charles O'Fihillie;003 Cordelia Way;39;cofihilliejf@admin.ch
Emilee McGarrity;97 Commercial Crossing;33;emcgarrityjg@craigslist.org
Valle Offener;20 Dunning Place;96;voffenerjh@accuweather.com
Adler Fardo;40 Dayton Pass;11;afardoji@multiply.com
Iona Mc Gorley;160 Dawn Crossing;67;imcjj@chron.com
Euell Desporte;5 Tennyson Lane;83;edesportejk@cbc.ca
Rolf Kersting;63801 Hoepker Hill;37;rkerstingjl@google.pl
Heriberto Purton;3551 Mendota Place;64;hpurtonjm@artisteer.com
Janet Morfett;482 Kinsman Parkway;66;jmorfettjn@google.ca
Glynis Walkington;523 Scofield Road;11;gwalkingtonjo@google.es
Bev Balling;0 Fremont Crossing;24;bballingjp@wikipedia.org
Bendix Askem;466 5th Pass;88;baskemjq@blog.com
Barbabas Negus;81896 Briar Crest Crossing;29;bnegusjr@virginia.edu
Tab Swettenham;57032 4th Hill;79;tswettenhamjs@naver.com
Faber Miskimmon;1 Derek Point;22;fmiskimmonjt@sourceforge.net
Jeremie Chieze;6 Hauk Junction;55;jchiezeju@ehow.com
Caryl Christofor;86339 Messerschmidt Court;22;cchristoforjv@baidu.com
Nixie Varey;1 Grim Terrace;93;nvareyjw@sciencedaily.com
Guilbert Lightfoot;82 Kinsman Terrace;23;glightfootjx@about.com
Genovera Aubery;17 Crescent Oaks Junction;50;gauberyjy@weibo.com
Emiline Thickin;7113 Lillian Plaza;41;ethickinjz@cafepress.com
Boothe Mulcahy;17676 Colorado Circle;20;bmulcahyk0@dion.ne.jp
Delphinia Cantua;5517 Emmet Park;18;dcantuak1@storify.com
Janine Binnion;60 Hanover Way;8;jbinnionk2@xrea.com
Debee Mazzilli;24 Chinook Circle;66;dmazzillik3@facebook.com
Humphrey Fraczak;75121 Parkside Drive;42;hfraczakk4@sina.com.cn
Eloisa Dayton;949 Meadow Vale Crossing;43;edaytonk5@abc.net.au
Cherri O'Scandall;0428 Portage Alley;54;coscandallk6@bbc.co.uk
Sinclare Ruffli;84 Northland Alley;73;srufflik7@smugmug.com
Cesare Bowring;85966 Maple Way;79;cbowringk8@privacy.gov.au
Frazier Levis;388 Dovetail Park;20;flevisk9@flickr.com
Poppy Vedstra;107 Evergreen Park;80;pvedstraka@canalblog.com
Matthew Boggs;5578 Atwood Drive;57;mboggskb@cbslocal.com
Emeline Harrington;5 Sutteridge Hill;42;eharringtonkc@livejournal.com
Sonnnie Toma;7317 Havey Trail;48;stomakd@discovery.com
Bret O Sullivan;4 Surrey Terrace;40;boke@jugem.jp
Natka Elster;66 Grim Court;1;nelsterkf@tripadvisor.com
Free Ionesco;40 Elgar Road;73;fionescokg@soundcloud.com
Zandra Huton;0006 Eastlawn Park;6;zhutonkh@yellowbook.com
Yule Ruffli;768 Anderson Lane;42;yruffliki@symantec.com
Benyamin Gascard;31929 Briar Crest Terrace;28;bgascardkj@phoca.cz
Vonni Osgood;1565 Packers Plaza;85;vosgoodkk@princeton.edu
Minta Collete;3 Calypso Way;92;mcolletekl@mediafire.com
Eloisa Grigoryev;4839 Moulton Court;30;egrigoryevkm@tinyurl.com
Tabina Hedin;5102 Pankratz Point;49;thedinkn@mac.com
Eugenie Thireau;62069 Eastwood Way;12;ethireauko@imgur.com
Camala Searle;33617 Bay Junction;59;csearlekp@ustream.tv
Evie Withrington;2 Fallview Hill;51;ewithringtonkq@networkadvertising.org
Kalie Hubert;24 Marquette Circle;41;khubertkr@ifeng.com
Dulcia Wermerling;5 Debs Court;39;dwermerlingks@auda.org.au
Sybilla Meryett;52 Monica Hill;71;smeryettkt@joomla.org
Arabel Swyer;73 Boyd Circle;94;aswyerku@behance.net
Geraldine Blackford;28 Derek Road;6;gblackfordkv@bandcamp.com
Graig Blackham;07581 Eggendart Road;66;gblackhamkw@aol.com
Sean Seyers;1650 American Parkway;72;sseyerskx@gmpg.org
Constancy Bricket;20 Sauthoff Court;54;cbricketky@rakuten.co.jp
Hadrian Worrell;6716 Anniversary Park;66;hworrellkz@opera.com
Mendy Birtwistle;4051 Granby Place;15;mbirtwistlel0@de.vu
Eamon Pavlata;812 Sunnyside Center;31;epavlatal1@behance.net
Brandy Rozenzweig;42660 Claremont Drive;88;brozenzweigl2@prlog.org
Trumaine Izkovitch;43 Lunder Plaza;54;tizkovitchl3@smugmug.com
Norene Yusupov;9196 Pepper Wood Way;80;nyusupovl4@blogtalkradio.com
Coletta Hunnybun;22712 Moland Parkway;66;chunnybunl5@hugedomains.com
Rodd Jekel;180 Hoffman Court;26;rjekell6@wordpress.com
Evin Lorinez;0 Stuart Drive;19;elorinezl7@360.cn
Ricoriki Ucceli;0 Eastlawn Drive;94;ruccelil8@taobao.com
Lilia Mollen;58996 Lindbergh Court;57;lmollenl9@unblog.fr
Earlie Diddams;634 Talmadge Crossing;81;ediddamsla@mozilla.com
Ayn Furminger;07406 Lunder Terrace;86;afurmingerlb@facebook.com
Carlin Brandi;05569 Mandrake Junction;75;cbrandilc@si.edu
Maurise Aujean;92301 Swallow Lane;33;maujeanld@army.mil
Regine Breeds;63 Anthes Point;51;rbreedsle@pcworld.com
Corbett Bluschke;08 Ruskin Pass;52;cbluschkelf@mashable.com
Ami Stealey;59222 New Castle Plaza;6;astealeylg@nhs.uk
Marcia Carlett;594 Lotheville Avenue;13;mcarlettlh@yellowbook.com
Jeanelle Sheircliffe;167 Messerschmidt Lane;98;jsheircliffeli@de.vu
Quintin Willishire;8 Vermont Park;1;qwillishirelj@rambler.ru
Silvano Mansuer;3 Warbler Court;49;smansuerlk@weebly.com
Bailey Adran;7886 Susan Lane;80;badranll@webmd.com
Faun Badsey;96911 Macpherson Way;17;fbadseylm@furl.net
Julian Welchman;81 Longview Hill;70;jwelchmanln@ox.ac.uk
Georgie Drinkall;28 Grim Park;3;gdrinkalllo@godaddy.com
Aleksandr Mignot;385 Hovde Terrace;19;amignotlp@amazon.com
Andee Terran;51 Jenna Circle;92;aterranlq@uol.com.br
Ricard Mongeot;6829 Forest Center;42;rmongeotlr@over-blog.com
Huntley Kerry;43 Thackeray Parkway;84;hkerryls@jalbum.net
Lydie Rye;3 Ridgeway Terrace;54;lryelt@cdc.gov
Brooke Reardon;978 Shoshone Junction;63;breardonlu@cloudflare.com
Tarah Derby;53620 Coolidge Hill;2;tderbylv@discovery.com
Olivia Oakenfull;33 Eagle Crest Place;58;ooakenfulllw@histats.com
Cristie Fawks;13810 Havey Circle;58;cfawkslx@issuu.com
Madelon Learmount;5201 Sachtjen Alley;37;mlearmountly@ft.com
Sibeal Frayne;82336 Armistice Drive;23;sfraynelz@economist.com
Jarrod Ingold;0 Goodland Hill;18;jingoldm0@gravatar.com
Sabrina Stannion;14585 Hooker Hill;55;sstannionm1@japanpost.jp
Bentley Christopherson;591 Gulseth Place;86;bchristophersonm2@vimeo.com
Petronella Tyne;49189 Kipling Way;48;ptynem3@ucsd.edu
Bo Grinnikov;081 Stephen Trail;54;bgrinnikovm4@de.vu
Quintana Lewtey;8684 Morningstar Junction;100;qlewteym5@ezinearticles.com
Shena Daintry;0 Alpine Road;20;sdaintrym6@webnode.com
Rennie Aylin;171 Loeprich Point;74;raylinm7@unesco.org
Sherill Enriquez;38 Golden Leaf Crossing;32;senriquezm8@timesonline.co.uk
Brodie Tackley;24069 Brentwood Court;76;btackleym9@mysql.com
Elmer Spearett;333 Bayside Trail;8;espearettma@gravatar.com
Fay Doerr;301 Basil Avenue;6;fdoerrmb@bbc.co.uk
Elmira Mazey;32962 Banding Court;27;emazeymc@google.fr
Janith Ousley;99806 Heath Avenue;93;jousleymd@bloglines.com
Hadlee Dunan;72 Independence Crossing;76;hdunanme@stumbleupon.com
Davon Paulat;57373 Lakewood Hill;81;dpaulatmf@creativecommons.org
Rachel Zuenelli;17740 Forest Park;38;rzuenellimg@cargocollective.com
Allin Channon;12379 6th Road;63;achannonmh@blog.com
Henderson Keppe;24 Surrey Place;85;hkeppemi@creativecommons.org
Leroy Boatman;5688 Mendota Street;1;lboatmanmj@vinaora.com
Raimundo Kinney;8909 Old Shore Way;13;rkinneymk@ucoz.ru
Mamie Llorens;095 Dahle Parkway;86;mllorensml@surveymonkey.com
Ashlee Jacox;45498 Lunder Road;13;ajacoxmm@cbslocal.com
Patrizius Tregunnah;1 Truax Park;30;ptregunnahmn@paginegialle.it
Kailey Synan;86216 Forest Trail;53;ksynanmo@scribd.com
Lewes Itshak;835 Grim Way;14;litshakmp@nyu.edu
Abbi Bluschke;13968 Jay Park;41;abluschkemq@xrea.com
Brocky Meek;387 Basil Center;94;bmeekmr@google.ca
Alla Raitie;86825 Karstens Hill;53;araitiems@google.pl
Clari Watling;5943 Gina Trail;99;cwatlingmt@csmonitor.com
Sallee Beatty;6 Weeping Birch Court;76;sbeattymu@berkeley.edu
Kennedy Mea;3 Grim Court;12;kmeamv@constantcontact.com
Lyman Wegman;1 Kropf Avenue;71;lwegmanmw@opera.com
Tessa Gheraldi;34 Magdeline Terrace;21;tgheraldimx@rakuten.co.jp
Robbert Maiden;735 Marcy Hill;24;rmaidenmy@businesswire.com
Brianne Westhoff;99781 Reindahl Plaza;100;bwesthoffmz@theguardian.com
Cyndia De La Salle;1432 Messerschmidt Lane;30;cden0@blogtalkradio.com
Rozamond Boggas;5350 Reindahl Drive;50;rboggasn1@purevolume.com
Rebeca Higford;2 Eastlawn Court;78;rhigfordn2@squarespace.com
Carolann Codner;79 Washington Drive;65;ccodnern3@dot.gov
Juliann Spellissy;9 Havey Drive;54;jspellissyn4@house.gov
Ceciley Mallaby;6957 Village Green Park;42;cmallabyn5@typepad.com
Bill McCreagh;1106 Lien Center;11;bmccreaghn6@examiner.com
Daffy Hailey;1 Fordem Park;97;dhaileyn7@wordpress.com
Missy Saurat;123 Florence Way;65;msauratn8@seesaa.net
Donia Humbee;5328 Center Center;4;dhumbeen9@discovery.com
Marleah Gething;70 Sunnyside Pass;67;mgethingna@trellian.com
Cesaro Bowle;2 Ramsey Drive;26;cbowlenb@mashable.com
Torey Doy;99 Grayhawk Junction;34;tdoync@squidoo.com
Terrance Weatherup;89188 Becker Way;60;tweatherupnd@ted.com
Hillel Gartland;718 Center Plaza;83;hgartlandne@si.edu
Ellissa Brownsea;2762 Lakewood Point;16;ebrownseanf@hugedomains.com
Ranice Parres;5 Oriole Hill;16;rparresng@gravatar.com
Charil Aldhouse;57894 Haas Trail;22;caldhousenh@mysql.com
Freddie Bend;413 Porter Way;32;fbendni@youtube.com
Romain Theis;6428 Novick Pass;25;rtheisnj@sphinn.com
Allianora Shafe;9 Rigney Park;7;ashafenk@europa.eu
Carmina Simonetti;9413 Mayer Plaza;47;csimonettinl@chronoengine.com
Sheffield Ducarne;43490 Lukken Avenue;3;sducarnenm@vinaora.com
Athena Trubshaw;80 Eagan Alley;71;atrubshawnn@omniture.com
Dawn Raylton;62 Wayridge Street;16;drayltonno@whitehouse.gov
Marita Matisse;0845 Carpenter Court;13;mmatissenp@google.com.hk
Vera Pickhaver;64783 Buhler Circle;13;vpickhavernq@digg.com
Conny Ballendine;8 Welch Junction;22;cballendinenr@hibu.com
Corabelle MacIntosh;582 Bayside Center;95;cmacintoshns@people.com.cn
Tawnya Woolacott;75 Stephen Road;82;twoolacottnt@reuters.com
Billy Laddle;921 Rigney Park;21;bladdlenu@nba.com
Kris Rapo;36 Sullivan Circle;66;kraponv@mlb.com
Lenee Sturman;45 Kropf Place;29;lsturmannw@360.cn
Shepard Impy;99 Magdeline Plaza;9;simpynx@gov.uk
Willow Hubback;51 Dryden Lane;82;whubbackny@webeden.co.uk
Tracey Grishinov;73713 Pennsylvania Avenue;31;tgrishinovnz@nymag.com
Melvyn Ledekker;157 Randy Way;42;mledekkero0@ocn.ne.jp
Kendre Tomblett;288 Anderson Pass;8;ktombletto1@businessweek.com
Alane Curnokk;1993 Garrison Junction;81;acurnokko2@naver.com
Laryssa Brewer;57 Golf Circle;6;lbrewero3@prnewswire.com
Pattie Micallef;489 Farmco Road;24;pmicallefo4@zimbio.com
De witt Cready;93 Anderson Point;36;dwitto5@typepad.com
Harlan Roscoe;865 Talisman Terrace;13;hroscoeo6@squarespace.com
Tandy Catterson;65518 Village Avenue;55;tcattersono7@latimes.com
Ax Cleugh;2 Sauthoff Court;48;acleugho8@twitpic.com
Reta Proudler;0447 Bobwhite Court;25;rproudlero9@cbsnews.com
Bevvy Tookill;1 Continental Center;23;btookilloa@squidoo.com
Margret Bartosek;539 Sullivan Avenue;60;mbartosekob@pinterest.com
Godfry Measor;13292 8th Alley;78;gmeasoroc@discuz.net
Corine Groomebridge;38536 Stone Corner Hill;47;cgroomebridgeod@ning.com
Lev Leggatt;61 Nova Trail;23;lleggattoe@tinypic.com
Jacquie Eddowis;4 Jenna Circle;25;jeddowisof@reddit.com
Breanne Dowsey;25 Vernon Hill;54;bdowseyog@nbcnews.com
Milly Durbyn;2 Blue Bill Park Place;91;mdurbynoh@wordpress.com
Shane Hoyles;87 Darwin Place;10;shoylesoi@squidoo.com
Traci Howieson;7 Monument Place;73;thowiesonoj@istockphoto.com
Puff Sermin;7082 Walton Park;49;pserminok@photobucket.com
Brigitta McRuvie;16 Warbler Hill;76;bmcruvieol@dyndns.org
Edythe Coneybeer;0251 6th Place;82;econeybeerom@hhs.gov
Dunstan McTague;8 Duke Junction;52;dmctagueon@howstuffworks.com
Sonja Wickey;0419 Pleasure Street;33;swickeyoo@people.com.cn
Briana Bertholin;31698 Badeau Avenue;17;bbertholinop@marriott.com
Godfree Thon;462 Northport Avenue;15;gthonoq@adobe.com
Kenneth Fosdike;0926 Ridge Oak Street;82;kfosdikeor@hexun.com
Erie Kosel;5373 Northridge Center;54;ekoselos@spiegel.de
Nessa Garnson;28748 Clemons Park;1;ngarnsonot@hhs.gov
Deanna Coghlin;22 Bartillon Way;14;dcoghlinou@tinypic.com
Gipsy Sedgefield;39 Schlimgen Center;60;gsedgefieldov@purevolume.com
Philip Girardy;6943 Crest Line Road;13;pgirardyow@hibu.com
Joice Dennert;4221 Kennedy Point;91;jdennertox@ocn.ne.jp
Tobin Morrison;1 Trailsway Avenue;79;tmorrisonoy@earthlink.net
Arlene Dusting;8667 Armistice Road;54;adustingoz@vk.com
Stella Peppard;9 Lindbergh Pass;90;speppardp0@geocities.com
Carmel Muncey;280 Arkansas Way;12;cmunceyp1@mapy.cz
Jacquie Cary;455 Eagle Crest Crossing;26;jcaryp2@apache.org
Alvira Potell;30695 Chive Crossing;62;apotellp3@smugmug.com
Christophorus Primo;4747 Pine View Street;56;cprimop4@cornell.edu
John Drury;735 Shelley Point;65;jdruryp5@wordpress.org
Rock Haswall;70 Dorton Circle;87;rhaswallp6@google.ru
Philomena Bodell;008 Huxley Parkway;40;pbodellp7@lulu.com
Sherri Lodevick;435 Moose Hill;5;slodevickp8@comsenz.com
Roxanna Valentine;2141 Barby Plaza;60;rvalentinep9@telegraph.co.uk
Fedora Sparrow;6671 Independence Center;49;fsparrowpa@columbia.edu
Dulcinea Pettifer;6718 Stuart Pass;88;dpettiferpb@deviantart.com
Bud Ionn;3 Lukken Crossing;13;bionnpc@mozilla.org
Fredek O'Kinedy;28109 Schmedeman Junction;63;fokinedypd@sourceforge.net
Jaquenette Muldrew;418 David Street;29;jmuldrewpe@sbwire.com
Derwin Rayner;869 Granby Alley;62;draynerpf@i2i.jp
Reynold Chappel;10 2nd Junction;92;rchappelpg@merriam-webster.com
Pearline Friett;709 Schmedeman Avenue;69;pfriettph@networksolutions.com
Gracia Masterson;1548 Karstens Drive;40;gmastersonpi@skyrock.com
Reuven Tavner;16 Maryland Point;100;rtavnerpj@alibaba.com
Tomasine Allder;4 Melby Parkway;22;tallderpk@sciencedaily.com
Beverlee Gilroy;6284 Jackson Junction;62;bgilroypl@instagram.com
Teodor Jan;44039 Spaight Street;87;tjanpm@so-net.ne.jp
Kathi Scullion;00152 Lindbergh Circle;58;kscullionpn@youtube.com
Gaston McPake;03979 Harper Junction;99;gmcpakepo@arstechnica.com
Wylma Eat;6095 Shopko Way;79;weatpp@rambler.ru
Marv Godehard.sf;90 Glacier Hill Place;59;mgodehardsfpq@mlb.com
Tucky Nuccitelli;068 Forest Crossing;70;tnuccitellipr@miitbeian.gov.cn
Randie Jarvie;178 Mitchell Parkway;60;rjarvieps@pen.io
Jeralee Capelle;062 Old Gate Junction;45;jcapellept@purevolume.com
Finn Fandrey;0 Quincy Plaza;23;ffandreypu@blogger.com
Dmitri Antecki;1463 Dexter Park;65;danteckipv@addthis.com
Ransom Nesbeth;1095 Kennedy Point;22;rnesbethpw@pinterest.com
Andy Duprey;867 Redwing Park;19;adupreypx@freewebs.com
Doro Dingivan;12218 Rigney Trail;97;ddingivanpy@foxnews.com
Cecilia Gerholz;03787 Dwight Plaza;52;cgerholzpz@joomla.org
Jana Piperley;641 Prairieview Way;2;jpiperleyq0@dyndns.org
Ingmar Cromley;05396 Monterey Parkway;6;icromleyq1@stumbleupon.com
Shirlee Brickhill;84473 Granby Parkway;94;sbrickhillq2@mapy.cz
Shana Bowland;4354 Sauthoff Pass;75;sbowlandq3@nationalgeographic.com
Nevil Jedrachowicz;866 Ilene Point;17;njedrachowiczq4@cargocollective.com
Rahel Hanmore;54809 Schurz Road;54;rhanmoreq5@i2i.jp
Vick Chessor;4 Sauthoff Court;33;vchessorq6@spotify.com
Wang Sailor;3676 Messerschmidt Point;18;wsailorq7@gizmodo.com
Ced Mulqueeny;95191 Merry Crossing;10;cmulqueenyq8@joomla.org
Cicily Hablot;43280 Loomis Road;29;chablotq9@addthis.com
Erin Nalder;81671 Bartillon Road;53;enalderqa@webnode.com
Constantino Riddock;4415 Thompson Crossing;74;criddockqb@npr.org
Angelico Braunle;73 Park Meadow Point;54;abraunleqc@umich.edu
Sheelah Koschek;2304 Miller Avenue;92;skoschekqd@hugedomains.com
Kenon Stiven;55885 Corscot Lane;74;kstivenqe@cnn.com
Malina Skillett;504 Manitowish Center;11;mskillettqf@bing.com
Jordana Jenne;219 Stoughton Trail;96;jjenneqg@freewebs.com
Siward Fust;9 Everett Parkway;90;sfustqh@howstuffworks.com
Benni Forsaith;14849 Ohio Park;13;bforsaithqi@deviantart.com
Thomasina Vernham;8331 Hollow Ridge Plaza;96;tvernhamqj@si.edu
Chip Beaver;507 Stoughton Center;94;cbeaverqk@economist.com
Evvie Acedo;2 Victoria Park;54;eacedoql@cnet.com
Lib Caesar;46 Bultman Junction;52;lcaesarqm@cnn.com
Doro Husk;228 Gerald Plaza;22;dhuskqn@nih.gov
Fredra Jain;36402 Morning Terrace;50;fjainqo@cdc.gov
Darby Bales;0448 Westend Circle;59;dbalesqp@ftc.gov
Caren Le - Count;270 Arkansas Lane;95;cleqq@economist.com
Jephthah Fishpond;972 Victoria Court;59;jfishpondqr@printfriendly.com
Natty Rubberts;55417 Union Park;14;nrubbertsqs@ebay.co.uk
Leone Tresise;077 Basil Alley;5;ltresiseqt@theatlantic.com
Jillayne Paradis;3 Badeau Plaza;4;jparadisqu@vinaora.com
Erhard Liddiard;62058 Chive Center;20;eliddiardqv@cam.ac.uk
Joseito Fant;9945 Stang Lane;50;jfantqw@bing.com
Emory Casetta;57755 Eliot Junction;89;ecasettaqx@instagram.com
Nari McCusker;20 Cascade Avenue;63;nmccuskerqy@cargocollective.com
Arlee Sonschein;305 Karstens Place;30;asonscheinqz@moonfruit.com
Georgia Hindmore;30 Sachtjen Plaza;80;ghindmorer0@trellian.com
Kristal Noteyoung;4605 Brown Terrace;40;knoteyoungr1@phpbb.com
Gabbie Boldero;67540 Sherman Way;39;gbolderor2@sakura.ne.jp
Vergil Wheway;943 Mendota Terrace;57;vwhewayr3@issuu.com
Reuben De Andisie;8113 Morningstar Pass;79;rder4@ed.gov
Ema Doberer;671 Mockingbird Park;30;edobererr5@bigcartel.com
Lucita Standon;04083 Oneill Center;30;lstandonr6@example.com
Deedee Dales;5003 La Follette Court;91;ddalesr7@deliciousdays.com
Bjorn Mayhow;5043 Laurel Street;47;bmayhowr8@oracle.com
Bernita Sloey;54520 Cordelia Place;69;bsloeyr9@prweb.com
Kinny Constantinou;436 Debs Lane;61;kconstantinoura@slashdot.org
Allard Spenley;793 Rutledge Circle;26;aspenleyrb@nytimes.com
Kathy Galgey;2866 Schiller Pass;20;kgalgeyrc@unesco.org
Dionne Bingle;1695 Daystar Park;20;dbinglerd@yale.edu
Fergus Dickey;3 Onsgard Circle;38;fdickeyre@google.com.hk
Rooney Crollman;70610 Dennis Pass;23;rcrollmanrf@boston.com
Candida Veel;654 Rowland Park;11;cveelrg@creativecommons.org
Lyman Sposito;25 Ronald Regan Center;16;lspositorh@sfgate.com
Tersina Finnis;52 Dapin Junction;9;tfinnisri@google.es
Dru Whistlecraft;107 Lyons Plaza;77;dwhistlecraftrj@miibeian.gov.cn
Allister Fleischer;9624 Coleman Lane;29;afleischerrk@multiply.com
Gerick Ballantine;63 Badeau Parkway;78;gballantinerl@reddit.com
Flemming Eschelle;8403 Anderson Place;21;feschellerm@nytimes.com
Yul Plester;78 Dryden Road;10;yplesterrn@archive.org
Lissie Ubach;03 Vidon Place;48;lubachro@fastcompany.com
Christiane Pimmocke;845 Blaine Drive;7;cpimmockerp@ustream.tv
Nesta Hall-Gough;39610 Delaware Court;55;nhallgoughrq@washington.edu
Kerwinn Truckell;68195 Sloan Parkway;27;ktruckellrr@cnbc.com
